123,John Smith,12345678
456,Jane Doe,23456789
789,Tom Johnson,34567890
321,Sara Williams,45678901
654,Mike Brown,56789012
987,Emily Davis,67890123
246,James Anderson,78901234
369,Emily Thompson,89012345
159,David Jackson,90123456
753,Sarah Johnson,01234567
486,Michael Smith,12345678
729,Laura Williams,23456789
357,Chris Brown,34567890
951,Jessica Davis,45678901
741,Matthew Anderson,56789012
852,Megan Thompson,67890123
634,Ryan Jackson,78901234
493,Ashley Smith,89012345
216,John Davis,90123456
478,Emily Jackson,01234567